<?xml version="1.0" encoding="UTF-8"?>
<GenRun Id="impl_1" LaunchPart="xc7a100tfgg484-2L" LaunchTime="1701844842">
  <File Type="ROUTE-PWR" Name="REG_power_routed.rpt"/>
  <File Type="PA-TCL" Name="REG.tcl"/>
  <File Type="ROUTE-PWR-SUM" Name="REG_power_summary_routed.pb"/>
  <File Type="REPORTS-TCL" Name="REG_reports.tcl"/>
  <File Type="OPT-RQA-PB" Name="REG_rqa_opted.pb"/>
  <File Type="BITSTR-MMI" Name="REG.mmi"/>
  <File Type="OPT-METHODOLOGY-DRC" Name="REG_methodology_drc_opted.rpt"/>
  <File Type="INIT-TIMING" Name="REG_timing_summary_init.rpt"/>
  <File Type="OPT-TIMING" Name="REG_timing_summary_opted.rpt"/>
  <File Type="OPT-DCP" Name="REG_opt.dcp"/>
  <File Type="OPT-DRC" Name="REG_drc_opted.rpt"/>
  <File Type="OPT-HWDEF" Name="REG.hwdef"/>
  <File Type="PWROPT-DCP" Name="REG_pwropt.dcp"/>
  <File Type="PWROPT-DRC" Name="REG_drc_pwropted.rpt"/>
  <File Type="PWROPT-TIMING" Name="REG_timing_summary_pwropted.rpt"/>
  <File Type="PLACE-DCP" Name="REG_placed.dcp"/>
  <File Type="PLACE-IO" Name="REG_io_placed.rpt"/>
  <File Type="PLACE-CLK" Name="REG_clock_utilization_placed.rpt"/>
  <File Type="PLACE-UTIL" Name="REG_utilization_placed.rpt"/>
  <File Type="PLACE-UTIL-PB" Name="REG_utilization_placed.pb"/>
  <File Type="PLACE-CTRL" Name="REG_control_sets_placed.rpt"/>
  <File Type="PLACE-SIMILARITY" Name="REG_incremental_reuse_placed.rpt"/>
  <File Type="PLACE-PRE-SIMILARITY" Name="REG_incremental_reuse_pre_placed.rpt"/>
  <File Type="BG-BIN" Name="REG.bin"/>
  <File Type="PLACE-TIMING" Name="REG_timing_summary_placed.rpt"/>
  <File Type="ROUTE-PWR-RPX" Name="REG_power_routed.rpx"/>
  <File Type="PLACE-RQA-PB" Name="REG_rqa_placed.pb"/>
  <File Type="POSTPLACE-PWROPT-DCP" Name="REG_postplace_pwropt.dcp"/>
  <File Type="BITSTR-MSK" Name="REG.msk"/>
  <File Type="POSTPLACE-PWROPT-TIMING" Name="REG_timing_summary_postplace_pwropted.rpt"/>
  <File Type="PHYSOPT-DCP" Name="REG_physopt.dcp"/>
  <File Type="PHYSOPT-DRC" Name="REG_drc_physopted.rpt"/>
  <File Type="BITSTR-RBT" Name="REG.rbt"/>
  <File Type="PHYSOPT-TIMING" Name="REG_timing_summary_physopted.rpt"/>
  <File Type="ROUTE-ERROR-DCP" Name="REG_routed_error.dcp"/>
  <File Type="ROUTE-DCP" Name="REG_routed.dcp"/>
  <File Type="ROUTE-BLACKBOX-DCP" Name="REG_routed_bb.dcp"/>
  <File Type="ROUTE-DRC" Name="REG_drc_routed.rpt"/>
  <File Type="ROUTE-DRC-PB" Name="REG_drc_routed.pb"/>
  <File Type="ROUTE-DRC-RPX" Name="REG_drc_routed.rpx"/>
  <File Type="ROUTE-METHODOLOGY-DRC" Name="REG_methodology_drc_routed.rpt"/>
  <File Type="ROUTE-METHODOLOGY-DRC-RPX" Name="REG_methodology_drc_routed.rpx"/>
  <File Type="ROUTE-METHODOLOGY-DRC-PB" Name="REG_methodology_drc_routed.pb"/>
  <File Type="ROUTE-RQS-PB" Name="REG_rqs_routed.pb"/>
  <File Type="ROUTE-STATUS" Name="REG_route_status.rpt"/>
  <File Type="ROUTE-STATUS-PB" Name="REG_route_status.pb"/>
  <File Type="ROUTE-TIMINGSUMMARY" Name="REG_timing_summary_routed.rpt"/>
  <File Type="ROUTE-TIMING-PB" Name="REG_timing_summary_routed.pb"/>
  <File Type="ROUTE-TIMING-RPX" Name="REG_timing_summary_routed.rpx"/>
  <File Type="ROUTE-SIMILARITY" Name="REG_incremental_reuse_routed.rpt"/>
  <File Type="ROUTE-CLK" Name="REG_clock_utilization_routed.rpt"/>
  <File Type="ROUTE-BUS-SKEW" Name="REG_bus_skew_routed.rpt"/>
  <File Type="ROUTE-BUS-SKEW-PB" Name="REG_bus_skew_routed.pb"/>
  <File Type="ROUTE-BUS-SKEW-RPX" Name="REG_bus_skew_routed.rpx"/>
  <File Type="POSTROUTE-PHYSOPT-DCP" Name="REG_postroute_physopt.dcp"/>
  <File Type="POSTROUTE-PHYSOPT-BLACKBOX-DCP" Name="REG_postroute_physopt_bb.dcp"/>
  <File Type="POSTROUTE-PHYSOPT-TIMING" Name="REG_timing_summary_postroute_physopted.rpt"/>
  <File Type="POSTROUTE-PHYSOPT-TIMING-PB" Name="REG_timing_summary_postroute_physopted.pb"/>
  <File Type="POSTROUTE-PHYSOPT-TIMING-RPX" Name="REG_timing_summary_postroute_physopted.rpx"/>
  <File Type="POSTROUTE-PHYSOPT-BUS-SKEW" Name="REG_bus_skew_postroute_physopted.rpt"/>
  <File Type="BG-BIT" Name="REG.bit"/>
  <File Type="POSTROUTE-PHYSOPT-BUS-SKEW-PB" Name="REG_bus_skew_postroute_physopted.pb"/>
  <File Type="POSTROUTE-PHYSOPT-BUS-SKEW-RPX" Name="REG_bus_skew_postroute_physopted.rpx"/>
  <File Type="BITSTR-NKY" Name="REG.nky"/>
  <File Type="BITSTR-BMM" Name="REG_bd.bmm"/>
  <File Type="PDI-FILE" Name="REG.pdi"/>
  <File Type="BOOT-PDI-FILE" Name="REG_boot.pdi"/>
  <File Type="PL-PDI-FILE" Name="REG_pld.pdi"/>
  <File Type="RCFI_FILE" Name="REG.rcfi"/>
  <File Type="CFI_FILE" Name="REG.cfi"/>
  <File Type="RNPI_FILE" Name="REG.rnpi"/>
  <File Type="NPI_FILE" Name="REG.npi"/>
  <File Type="RBD_FILE" Name="REG.rbd"/>
  <File Type="BITSTR-LTX" Name="debug_nets.ltx"/>
  <File Type="BITSTR-LTX" Name="REG.ltx"/>
  <File Type="BITSTR-SYSDEF" Name="REG.sysdef"/>
  <File Type="BG-BGN" Name="REG.bgn"/>
  <File Type="BG-DRC" Name="REG.drc"/>
  <File Type="RDI-RDI" Name="REG.vdi"/>
  <File Type="WBT-USG" Name="usage_statistics_webtalk.html"/>
  <File Type="ROUTE-RQS" Name="REG_routed.rqs"/>
  <File Type="POSTROUTE-PHYSOPT-RQS" Name="REG_postroute_physopted.rqs"/>
  <File Type="ROUTE-RQS-RPT" Name="route_report_qor_suggestions_0.rpt"/>
  <File Type="POSTROUTE-PHYSOPT-RQS-RPT" Name="postroute_physopt_report_qor_suggestions_0.rpt"/>
  <FileSet Name="sources" Type="DesignSrcs" RelSrcDir="$PSRCDIR/sources_1" RelGenDir="$PGENDIR/sources_1">
    <Filter Type="Srcs"/>
    <File Path="$PSRCDIR/sources_1/new/REG.v">
      <FileInfo>
        <Attr Name="UsedIn" Val="synthesis"/>
        <Attr Name="UsedIn" Val="implementation"/>
        <Attr Name="UsedIn" Val="simulation"/>
      </FileInfo>
    </File>
    <Config>
      <Option Name="DesignMode" Val="RTL"/>
      <Option Name="TopModule" Val="REG"/>
      <Option Name="TopAutoSet" Val="TRUE"/>
    </Config>
  </FileSet>
  <FileSet Name="constrs_in" Type="Constrs" RelSrcDir="$PSRCDIR/constrs_1" RelGenDir="$PGENDIR/constrs_1">
    <Filter Type="Constrs"/>
    <File Path="$PSRCDIR/constrs_1/new/reg.xdc">
      <FileInfo>
        <Attr Name="UsedIn" Val="synthesis"/>
        <Attr Name="UsedIn" Val="implementation"/>
      </FileInfo>
    </File>
    <Config>
      <Option Name="TargetConstrsFile" Val="$PSRCDIR/constrs_1/new/reg.xdc"/>
      <Option Name="ConstrsType" Val="XDC"/>
    </Config>
  </FileSet>
  <FileSet Name="utils" Type="Utils" RelSrcDir="$PSRCDIR/utils_1" RelGenDir="$PGENDIR/utils_1">
    <Filter Type="Utils"/>
    <File Path="$PSRCDIR/utils_1/imports/synth_1/REG.dcp">
      <FileInfo>
        <Attr Name="UsedIn" Val="synthesis"/>
        <Attr Name="UsedIn" Val="implementation"/>
        <Attr Name="UsedInSteps" Val="synth_1"/>
        <Attr Name="AutoDcp" Val="1"/>
      </FileInfo>
    </File>
    <Config>
      <Option Name="TopAutoSet" Val="TRUE"/>
    </Config>
  </FileSet>
  <Strategy Version="1" Minor="2">
    <StratHandle Name="Vivado Implementation Defaults" Flow="Vivado Implementation 2023">
      <Desc>Default settings for Implementation.</Desc>
    </StratHandle>
    <Step Id="init_design"/>
    <Step Id="opt_design"/>
    <Step Id="power_opt_design"/>
    <Step Id="place_design"/>
    <Step Id="post_place_power_opt_design"/>
    <Step Id="phys_opt_design"/>
    <Step Id="route_design"/>
    <Step Id="post_route_phys_opt_design"/>
    <Step Id="write_bitstream"/>
  </Strategy>
</GenRun>
