<?xml version="1.0" encoding="UTF-8"?>
<GenRun Id="impl_1" LaunchPart="xc7a100tfgg484-2L" LaunchTime="1701526529">
  <File Type="ROUTE-PWR" Name="CLA_power_routed.rpt"/>
  <File Type="PA-TCL" Name="CLA.tcl"/>
  <File Type="ROUTE-PWR-SUM" Name="CLA_power_summary_routed.pb"/>
  <File Type="REPORTS-TCL" Name="CLA_reports.tcl"/>
  <File Type="OPT-RQA-PB" Name="CLA_rqa_opted.pb"/>
  <File Type="BITSTR-MMI" Name="CLA.mmi"/>
  <File Type="OPT-METHODOLOGY-DRC" Name="CLA_methodology_drc_opted.rpt"/>
  <File Type="INIT-TIMING" Name="CLA_timing_summary_init.rpt"/>
  <File Type="OPT-TIMING" Name="CLA_timing_summary_opted.rpt"/>
  <File Type="OPT-DCP" Name="CLA_opt.dcp"/>
  <File Type="OPT-DRC" Name="CLA_drc_opted.rpt"/>
  <File Type="OPT-HWDEF" Name="CLA.hwdef"/>
  <File Type="PWROPT-DCP" Name="CLA_pwropt.dcp"/>
  <File Type="PWROPT-DRC" Name="CLA_drc_pwropted.rpt"/>
  <File Type="PWROPT-TIMING" Name="CLA_timing_summary_pwropted.rpt"/>
  <File Type="PLACE-DCP" Name="CLA_placed.dcp"/>
  <File Type="PLACE-IO" Name="CLA_io_placed.rpt"/>
  <File Type="PLACE-CLK" Name="CLA_clock_utilization_placed.rpt"/>
  <File Type="PLACE-UTIL" Name="CLA_utilization_placed.rpt"/>
  <File Type="PLACE-UTIL-PB" Name="CLA_utilization_placed.pb"/>
  <File Type="PLACE-CTRL" Name="CLA_control_sets_placed.rpt"/>
  <File Type="PLACE-SIMILARITY" Name="CLA_incremental_reuse_placed.rpt"/>
  <File Type="PLACE-PRE-SIMILARITY" Name="CLA_incremental_reuse_pre_placed.rpt"/>
  <File Type="BG-BIN" Name="CLA.bin"/>
  <File Type="PLACE-TIMING" Name="CLA_timing_summary_placed.rpt"/>
  <File Type="ROUTE-PWR-RPX" Name="CLA_power_routed.rpx"/>
  <File Type="PLACE-RQA-PB" Name="CLA_rqa_placed.pb"/>
  <File Type="POSTPLACE-PWROPT-DCP" Name="CLA_postplace_pwropt.dcp"/>
  <File Type="BITSTR-MSK" Name="CLA.msk"/>
  <File Type="POSTPLACE-PWROPT-TIMING" Name="CLA_timing_summary_postplace_pwropted.rpt"/>
  <File Type="PHYSOPT-DCP" Name="CLA_physopt.dcp"/>
  <File Type="PHYSOPT-DRC" Name="CLA_drc_physopted.rpt"/>
  <File Type="BITSTR-RBT" Name="CLA.rbt"/>
  <File Type="PHYSOPT-TIMING" Name="CLA_timing_summary_physopted.rpt"/>
  <File Type="ROUTE-ERROR-DCP" Name="CLA_routed_error.dcp"/>
  <File Type="ROUTE-DCP" Name="CLA_routed.dcp"/>
  <File Type="ROUTE-BLACKBOX-DCP" Name="CLA_routed_bb.dcp"/>
  <File Type="ROUTE-DRC" Name="CLA_drc_routed.rpt"/>
  <File Type="ROUTE-DRC-PB" Name="CLA_drc_routed.pb"/>
  <File Type="ROUTE-DRC-RPX" Name="CLA_drc_routed.rpx"/>
  <File Type="ROUTE-METHODOLOGY-DRC" Name="CLA_methodology_drc_routed.rpt"/>
  <File Type="ROUTE-METHODOLOGY-DRC-RPX" Name="CLA_methodology_drc_routed.rpx"/>
  <File Type="ROUTE-METHODOLOGY-DRC-PB" Name="CLA_methodology_drc_routed.pb"/>
  <File Type="ROUTE-RQS-PB" Name="CLA_rqs_routed.pb"/>
  <File Type="ROUTE-STATUS" Name="CLA_route_status.rpt"/>
  <File Type="ROUTE-STATUS-PB" Name="CLA_route_status.pb"/>
  <File Type="ROUTE-TIMINGSUMMARY" Name="CLA_timing_summary_routed.rpt"/>
  <File Type="ROUTE-TIMING-PB" Name="CLA_timing_summary_routed.pb"/>
  <File Type="ROUTE-TIMING-RPX" Name="CLA_timing_summary_routed.rpx"/>
  <File Type="ROUTE-SIMILARITY" Name="CLA_incremental_reuse_routed.rpt"/>
  <File Type="ROUTE-CLK" Name="CLA_clock_utilization_routed.rpt"/>
  <File Type="ROUTE-BUS-SKEW" Name="CLA_bus_skew_routed.rpt"/>
  <File Type="ROUTE-BUS-SKEW-PB" Name="CLA_bus_skew_routed.pb"/>
  <File Type="ROUTE-BUS-SKEW-RPX" Name="CLA_bus_skew_routed.rpx"/>
  <File Type="POSTROUTE-PHYSOPT-DCP" Name="CLA_postroute_physopt.dcp"/>
  <File Type="POSTROUTE-PHYSOPT-BLACKBOX-DCP" Name="CLA_postroute_physopt_bb.dcp"/>
  <File Type="POSTROUTE-PHYSOPT-TIMING" Name="CLA_timing_summary_postroute_physopted.rpt"/>
  <File Type="POSTROUTE-PHYSOPT-TIMING-PB" Name="CLA_timing_summary_postroute_physopted.pb"/>
  <File Type="POSTROUTE-PHYSOPT-TIMING-RPX" Name="CLA_timing_summary_postroute_physopted.rpx"/>
  <File Type="POSTROUTE-PHYSOPT-BUS-SKEW" Name="CLA_bus_skew_postroute_physopted.rpt"/>
  <File Type="BG-BIT" Name="CLA.bit"/>
  <File Type="POSTROUTE-PHYSOPT-BUS-SKEW-PB" Name="CLA_bus_skew_postroute_physopted.pb"/>
  <File Type="POSTROUTE-PHYSOPT-BUS-SKEW-RPX" Name="CLA_bus_skew_postroute_physopted.rpx"/>
  <File Type="BITSTR-NKY" Name="CLA.nky"/>
  <File Type="BITSTR-BMM" Name="CLA_bd.bmm"/>
  <File Type="PDI-FILE" Name="CLA.pdi"/>
  <File Type="BOOT-PDI-FILE" Name="CLA_boot.pdi"/>
  <File Type="PL-PDI-FILE" Name="CLA_pld.pdi"/>
  <File Type="RCFI_FILE" Name="CLA.rcfi"/>
  <File Type="CFI_FILE" Name="CLA.cfi"/>
  <File Type="RNPI_FILE" Name="CLA.rnpi"/>
  <File Type="NPI_FILE" Name="CLA.npi"/>
  <File Type="RBD_FILE" Name="CLA.rbd"/>
  <File Type="BITSTR-LTX" Name="debug_nets.ltx"/>
  <File Type="BITSTR-LTX" Name="CLA.ltx"/>
  <File Type="BITSTR-SYSDEF" Name="CLA.sysdef"/>
  <File Type="BG-BGN" Name="CLA.bgn"/>
  <File Type="BG-DRC" Name="CLA.drc"/>
  <File Type="RDI-RDI" Name="CLA.vdi"/>
  <File Type="WBT-USG" Name="usage_statistics_webtalk.html"/>
  <File Type="ROUTE-RQS" Name="CLA_routed.rqs"/>
  <File Type="POSTROUTE-PHYSOPT-RQS" Name="CLA_postroute_physopted.rqs"/>
  <File Type="ROUTE-RQS-RPT" Name="route_report_qor_suggestions_0.rpt"/>
  <File Type="POSTROUTE-PHYSOPT-RQS-RPT" Name="postroute_physopt_report_qor_suggestions_0.rpt"/>
  <FileSet Name="sources" Type="DesignSrcs" RelSrcDir="$PSRCDIR/sources_1" RelGenDir="$PGENDIR/sources_1">
    <Filter Type="Srcs"/>
    <File Path="$PSRCDIR/sources_1/new/Ahead.v">
      <FileInfo>
        <Attr Name="UsedIn" Val="synthesis"/>
        <Attr Name="UsedIn" Val="implementation"/>
        <Attr Name="UsedIn" Val="simulation"/>
      </FileInfo>
    </File>
    <File Path="$PSRCDIR/sources_1/new/FA.v">
      <FileInfo>
        <Attr Name="UsedIn" Val="synthesis"/>
        <Attr Name="UsedIn" Val="implementation"/>
        <Attr Name="UsedIn" Val="simulation"/>
      </FileInfo>
    </File>
    <File Path="$PSRCDIR/sources_1/new/CLA.v">
      <FileInfo>
        <Attr Name="UsedIn" Val="synthesis"/>
        <Attr Name="UsedIn" Val="implementation"/>
        <Attr Name="UsedIn" Val="simulation"/>
      </FileInfo>
    </File>
    <Config>
      <Option Name="DesignMode" Val="RTL"/>
      <Option Name="TopModule" Val="CLA"/>
    </Config>
  </FileSet>
  <FileSet Name="constrs_in" Type="Constrs" RelSrcDir="$PSRCDIR/constrs_1" RelGenDir="$PGENDIR/constrs_1">
    <Filter Type="Constrs"/>
    <File Path="$PSRCDIR/constrs_1/new/Ahead.xdc">
      <FileInfo>
        <Attr Name="UsedIn" Val="synthesis"/>
        <Attr Name="UsedIn" Val="implementation"/>
      </FileInfo>
    </File>
    <Config>
      <Option Name="TargetConstrsFile" Val="$PSRCDIR/constrs_1/new/Ahead.xdc"/>
      <Option Name="ConstrsType" Val="XDC"/>
    </Config>
  </FileSet>
  <FileSet Name="utils" Type="Utils" RelSrcDir="$PSRCDIR/utils_1" RelGenDir="$PGENDIR/utils_1">
    <Filter Type="Utils"/>
    <File Path="$PSRCDIR/utils_1/imports/synth_1/CLA.dcp">
      <FileInfo>
        <Attr Name="UsedIn" Val="synthesis"/>
        <Attr Name="UsedIn" Val="implementation"/>
        <Attr Name="UsedInSteps" Val="synth_1"/>
        <Attr Name="AutoDcp" Val="1"/>
      </FileInfo>
    </File>
    <Config>
      <Option Name="TopAutoSet" Val="TRUE"/>
    </Config>
  </FileSet>
  <Strategy Version="1" Minor="2">
    <StratHandle Name="Vivado Implementation Defaults" Flow="Vivado Implementation 2023"/>
    <Step Id="init_design"/>
    <Step Id="opt_design"/>
    <Step Id="power_opt_design"/>
    <Step Id="place_design"/>
    <Step Id="post_place_power_opt_design"/>
    <Step Id="phys_opt_design"/>
    <Step Id="route_design"/>
    <Step Id="post_route_phys_opt_design"/>
    <Step Id="write_bitstream"/>
  </Strategy>
</GenRun>
