<?xml version="1.0" encoding="UTF-8"?>
<GenRun Id="impl_1" LaunchPart="xc7a100tfgg484-2L" LaunchTime="1701521475">
  <File Type="ROUTE-PWR" Name="Adder_power_routed.rpt"/>
  <File Type="PA-TCL" Name="Adder.tcl"/>
  <File Type="ROUTE-PWR-SUM" Name="Adder_power_summary_routed.pb"/>
  <File Type="REPORTS-TCL" Name="Adder_reports.tcl"/>
  <File Type="OPT-RQA-PB" Name="Adder_rqa_opted.pb"/>
  <File Type="BITSTR-MMI" Name="Adder.mmi"/>
  <File Type="OPT-METHODOLOGY-DRC" Name="Adder_methodology_drc_opted.rpt"/>
  <File Type="INIT-TIMING" Name="Adder_timing_summary_init.rpt"/>
  <File Type="OPT-TIMING" Name="Adder_timing_summary_opted.rpt"/>
  <File Type="OPT-DCP" Name="Adder_opt.dcp"/>
  <File Type="OPT-DRC" Name="Adder_drc_opted.rpt"/>
  <File Type="OPT-HWDEF" Name="Adder.hwdef"/>
  <File Type="PWROPT-DCP" Name="Adder_pwropt.dcp"/>
  <File Type="PWROPT-DRC" Name="Adder_drc_pwropted.rpt"/>
  <File Type="PWROPT-TIMING" Name="Adder_timing_summary_pwropted.rpt"/>
  <File Type="PLACE-DCP" Name="Adder_placed.dcp"/>
  <File Type="PLACE-IO" Name="Adder_io_placed.rpt"/>
  <File Type="PLACE-CLK" Name="Adder_clock_utilization_placed.rpt"/>
  <File Type="PLACE-UTIL" Name="Adder_utilization_placed.rpt"/>
  <File Type="PLACE-UTIL-PB" Name="Adder_utilization_placed.pb"/>
  <File Type="PLACE-CTRL" Name="Adder_control_sets_placed.rpt"/>
  <File Type="PLACE-SIMILARITY" Name="Adder_incremental_reuse_placed.rpt"/>
  <File Type="PLACE-PRE-SIMILARITY" Name="Adder_incremental_reuse_pre_placed.rpt"/>
  <File Type="BG-BIN" Name="Adder.bin"/>
  <File Type="PLACE-TIMING" Name="Adder_timing_summary_placed.rpt"/>
  <File Type="ROUTE-PWR-RPX" Name="Adder_power_routed.rpx"/>
  <File Type="PLACE-RQA-PB" Name="Adder_rqa_placed.pb"/>
  <File Type="POSTPLACE-PWROPT-DCP" Name="Adder_postplace_pwropt.dcp"/>
  <File Type="BITSTR-MSK" Name="Adder.msk"/>
  <File Type="POSTPLACE-PWROPT-TIMING" Name="Adder_timing_summary_postplace_pwropted.rpt"/>
  <File Type="PHYSOPT-DCP" Name="Adder_physopt.dcp"/>
  <File Type="PHYSOPT-DRC" Name="Adder_drc_physopted.rpt"/>
  <File Type="BITSTR-RBT" Name="Adder.rbt"/>
  <File Type="PHYSOPT-TIMING" Name="Adder_timing_summary_physopted.rpt"/>
  <File Type="ROUTE-ERROR-DCP" Name="Adder_routed_error.dcp"/>
  <File Type="ROUTE-DCP" Name="Adder_routed.dcp"/>
  <File Type="ROUTE-BLACKBOX-DCP" Name="Adder_routed_bb.dcp"/>
  <File Type="ROUTE-DRC" Name="Adder_drc_routed.rpt"/>
  <File Type="ROUTE-DRC-PB" Name="Adder_drc_routed.pb"/>
  <File Type="ROUTE-DRC-RPX" Name="Adder_drc_routed.rpx"/>
  <File Type="ROUTE-METHODOLOGY-DRC" Name="Adder_methodology_drc_routed.rpt"/>
  <File Type="ROUTE-METHODOLOGY-DRC-RPX" Name="Adder_methodology_drc_routed.rpx"/>
  <File Type="ROUTE-METHODOLOGY-DRC-PB" Name="Adder_methodology_drc_routed.pb"/>
  <File Type="ROUTE-RQS-PB" Name="Adder_rqs_routed.pb"/>
  <File Type="ROUTE-STATUS" Name="Adder_route_status.rpt"/>
  <File Type="ROUTE-STATUS-PB" Name="Adder_route_status.pb"/>
  <File Type="ROUTE-TIMINGSUMMARY" Name="Adder_timing_summary_routed.rpt"/>
  <File Type="ROUTE-TIMING-PB" Name="Adder_timing_summary_routed.pb"/>
  <File Type="ROUTE-TIMING-RPX" Name="Adder_timing_summary_routed.rpx"/>
  <File Type="ROUTE-SIMILARITY" Name="Adder_incremental_reuse_routed.rpt"/>
  <File Type="ROUTE-CLK" Name="Adder_clock_utilization_routed.rpt"/>
  <File Type="ROUTE-BUS-SKEW" Name="Adder_bus_skew_routed.rpt"/>
  <File Type="ROUTE-BUS-SKEW-PB" Name="Adder_bus_skew_routed.pb"/>
  <File Type="ROUTE-BUS-SKEW-RPX" Name="Adder_bus_skew_routed.rpx"/>
  <File Type="POSTROUTE-PHYSOPT-DCP" Name="Adder_postroute_physopt.dcp"/>
  <File Type="POSTROUTE-PHYSOPT-BLACKBOX-DCP" Name="Adder_postroute_physopt_bb.dcp"/>
  <File Type="POSTROUTE-PHYSOPT-TIMING" Name="Adder_timing_summary_postroute_physopted.rpt"/>
  <File Type="POSTROUTE-PHYSOPT-TIMING-PB" Name="Adder_timing_summary_postroute_physopted.pb"/>
  <File Type="POSTROUTE-PHYSOPT-TIMING-RPX" Name="Adder_timing_summary_postroute_physopted.rpx"/>
  <File Type="POSTROUTE-PHYSOPT-BUS-SKEW" Name="Adder_bus_skew_postroute_physopted.rpt"/>
  <File Type="BG-BIT" Name="Adder.bit"/>
  <File Type="POSTROUTE-PHYSOPT-BUS-SKEW-PB" Name="Adder_bus_skew_postroute_physopted.pb"/>
  <File Type="POSTROUTE-PHYSOPT-BUS-SKEW-RPX" Name="Adder_bus_skew_postroute_physopted.rpx"/>
  <File Type="BITSTR-NKY" Name="Adder.nky"/>
  <File Type="BITSTR-BMM" Name="Adder_bd.bmm"/>
  <File Type="PDI-FILE" Name="Adder.pdi"/>
  <File Type="BOOT-PDI-FILE" Name="Adder_boot.pdi"/>
  <File Type="PL-PDI-FILE" Name="Adder_pld.pdi"/>
  <File Type="RCFI_FILE" Name="Adder.rcfi"/>
  <File Type="CFI_FILE" Name="Adder.cfi"/>
  <File Type="RNPI_FILE" Name="Adder.rnpi"/>
  <File Type="NPI_FILE" Name="Adder.npi"/>
  <File Type="RBD_FILE" Name="Adder.rbd"/>
  <File Type="BITSTR-LTX" Name="debug_nets.ltx"/>
  <File Type="BITSTR-LTX" Name="Adder.ltx"/>
  <File Type="BITSTR-SYSDEF" Name="Adder.sysdef"/>
  <File Type="BG-BGN" Name="Adder.bgn"/>
  <File Type="BG-DRC" Name="Adder.drc"/>
  <File Type="RDI-RDI" Name="Adder.vdi"/>
  <File Type="WBT-USG" Name="usage_statistics_webtalk.html"/>
  <File Type="ROUTE-RQS" Name="Adder_routed.rqs"/>
  <File Type="POSTROUTE-PHYSOPT-RQS" Name="Adder_postroute_physopted.rqs"/>
  <File Type="ROUTE-RQS-RPT" Name="route_report_qor_suggestions_0.rpt"/>
  <File Type="POSTROUTE-PHYSOPT-RQS-RPT" Name="postroute_physopt_report_qor_suggestions_0.rpt"/>
  <FileSet Name="sources" Type="DesignSrcs" RelSrcDir="$PSRCDIR/sources_1" RelGenDir="$PGENDIR/sources_1">
    <Filter Type="Srcs"/>
    <File Path="$PSRCDIR/sources_1/new/FA.v">
      <FileInfo>
        <Attr Name="UsedIn" Val="synthesis"/>
        <Attr Name="UsedIn" Val="implementation"/>
        <Attr Name="UsedIn" Val="simulation"/>
      </FileInfo>
    </File>
    <File Path="$PSRCDIR/sources_1/new/Adder.v">
      <FileInfo>
        <Attr Name="UsedIn" Val="synthesis"/>
        <Attr Name="UsedIn" Val="implementation"/>
        <Attr Name="UsedIn" Val="simulation"/>
      </FileInfo>
    </File>
    <Config>
      <Option Name="DesignMode" Val="RTL"/>
      <Option Name="TopModule" Val="Adder"/>
    </Config>
  </FileSet>
  <FileSet Name="constrs_in" Type="Constrs" RelSrcDir="$PSRCDIR/constrs_1" RelGenDir="$PGENDIR/constrs_1">
    <Filter Type="Constrs"/>
    <File Path="$PSRCDIR/constrs_1/new/Adder.xdc">
      <FileInfo>
        <Attr Name="UsedIn" Val="synthesis"/>
        <Attr Name="UsedIn" Val="implementation"/>
      </FileInfo>
    </File>
    <Config>
      <Option Name="TargetConstrsFile" Val="$PSRCDIR/constrs_1/new/Adder.xdc"/>
      <Option Name="ConstrsType" Val="XDC"/>
    </Config>
  </FileSet>
  <FileSet Name="utils" Type="Utils" RelSrcDir="$PSRCDIR/utils_1" RelGenDir="$PGENDIR/utils_1">
    <Filter Type="Utils"/>
    <File Path="$PSRCDIR/utils_1/imports/synth_1/Adder.dcp">
      <FileInfo>
        <Attr Name="UsedIn" Val="synthesis"/>
        <Attr Name="UsedIn" Val="implementation"/>
        <Attr Name="UsedInSteps" Val="synth_1"/>
        <Attr Name="AutoDcp" Val="1"/>
      </FileInfo>
    </File>
    <Config>
      <Option Name="TopAutoSet" Val="TRUE"/>
    </Config>
  </FileSet>
  <Strategy Version="1" Minor="2">
    <StratHandle Name="Vivado Implementation Defaults" Flow="Vivado Implementation 2023">
      <Desc>Default settings for Implementation.</Desc>
    </StratHandle>
    <Step Id="init_design"/>
    <Step Id="opt_design"/>
    <Step Id="power_opt_design"/>
    <Step Id="place_design"/>
    <Step Id="post_place_power_opt_design"/>
    <Step Id="phys_opt_design"/>
    <Step Id="route_design"/>
    <Step Id="post_route_phys_opt_design"/>
    <Step Id="write_bitstream"/>
  </Strategy>
</GenRun>
