<?xml version="1.0" encoding="UTF-8"?>
<GenRun Id="impl_1" LaunchPart="xc7a100tfgg484-2L" LaunchTime="1701870235">
  <File Type="ROUTE-PWR" Name="JK2_power_routed.rpt"/>
  <File Type="PA-TCL" Name="JK2.tcl"/>
  <File Type="ROUTE-PWR-SUM" Name="JK2_power_summary_routed.pb"/>
  <File Type="REPORTS-TCL" Name="JK2_reports.tcl"/>
  <File Type="OPT-RQA-PB" Name="JK2_rqa_opted.pb"/>
  <File Type="BITSTR-MMI" Name="JK2.mmi"/>
  <File Type="OPT-METHODOLOGY-DRC" Name="JK2_methodology_drc_opted.rpt"/>
  <File Type="INIT-TIMING" Name="JK2_timing_summary_init.rpt"/>
  <File Type="OPT-TIMING" Name="JK2_timing_summary_opted.rpt"/>
  <File Type="OPT-DCP" Name="JK2_opt.dcp"/>
  <File Type="OPT-DRC" Name="JK2_drc_opted.rpt"/>
  <File Type="OPT-HWDEF" Name="JK2.hwdef"/>
  <File Type="PWROPT-DCP" Name="JK2_pwropt.dcp"/>
  <File Type="PWROPT-DRC" Name="JK2_drc_pwropted.rpt"/>
  <File Type="PWROPT-TIMING" Name="JK2_timing_summary_pwropted.rpt"/>
  <File Type="PLACE-DCP" Name="JK2_placed.dcp"/>
  <File Type="PLACE-IO" Name="JK2_io_placed.rpt"/>
  <File Type="PLACE-CLK" Name="JK2_clock_utilization_placed.rpt"/>
  <File Type="PLACE-UTIL" Name="JK2_utilization_placed.rpt"/>
  <File Type="PLACE-UTIL-PB" Name="JK2_utilization_placed.pb"/>
  <File Type="PLACE-CTRL" Name="JK2_control_sets_placed.rpt"/>
  <File Type="PLACE-SIMILARITY" Name="JK2_incremental_reuse_placed.rpt"/>
  <File Type="PLACE-PRE-SIMILARITY" Name="JK2_incremental_reuse_pre_placed.rpt"/>
  <File Type="BG-BIN" Name="JK2.bin"/>
  <File Type="PLACE-TIMING" Name="JK2_timing_summary_placed.rpt"/>
  <File Type="ROUTE-PWR-RPX" Name="JK2_power_routed.rpx"/>
  <File Type="PLACE-RQA-PB" Name="JK2_rqa_placed.pb"/>
  <File Type="POSTPLACE-PWROPT-DCP" Name="JK2_postplace_pwropt.dcp"/>
  <File Type="BITSTR-MSK" Name="JK2.msk"/>
  <File Type="POSTPLACE-PWROPT-TIMING" Name="JK2_timing_summary_postplace_pwropted.rpt"/>
  <File Type="PHYSOPT-DCP" Name="JK2_physopt.dcp"/>
  <File Type="PHYSOPT-DRC" Name="JK2_drc_physopted.rpt"/>
  <File Type="BITSTR-RBT" Name="JK2.rbt"/>
  <File Type="PHYSOPT-TIMING" Name="JK2_timing_summary_physopted.rpt"/>
  <File Type="ROUTE-ERROR-DCP" Name="JK2_routed_error.dcp"/>
  <File Type="ROUTE-DCP" Name="JK2_routed.dcp"/>
  <File Type="ROUTE-BLACKBOX-DCP" Name="JK2_routed_bb.dcp"/>
  <File Type="ROUTE-DRC" Name="JK2_drc_routed.rpt"/>
  <File Type="ROUTE-DRC-PB" Name="JK2_drc_routed.pb"/>
  <File Type="ROUTE-DRC-RPX" Name="JK2_drc_routed.rpx"/>
  <File Type="ROUTE-METHODOLOGY-DRC" Name="JK2_methodology_drc_routed.rpt"/>
  <File Type="ROUTE-METHODOLOGY-DRC-RPX" Name="JK2_methodology_drc_routed.rpx"/>
  <File Type="ROUTE-METHODOLOGY-DRC-PB" Name="JK2_methodology_drc_routed.pb"/>
  <File Type="ROUTE-RQS-PB" Name="JK2_rqs_routed.pb"/>
  <File Type="ROUTE-STATUS" Name="JK2_route_status.rpt"/>
  <File Type="ROUTE-STATUS-PB" Name="JK2_route_status.pb"/>
  <File Type="ROUTE-TIMINGSUMMARY" Name="JK2_timing_summary_routed.rpt"/>
  <File Type="ROUTE-TIMING-PB" Name="JK2_timing_summary_routed.pb"/>
  <File Type="ROUTE-TIMING-RPX" Name="JK2_timing_summary_routed.rpx"/>
  <File Type="ROUTE-SIMILARITY" Name="JK2_incremental_reuse_routed.rpt"/>
  <File Type="ROUTE-CLK" Name="JK2_clock_utilization_routed.rpt"/>
  <File Type="ROUTE-BUS-SKEW" Name="JK2_bus_skew_routed.rpt"/>
  <File Type="ROUTE-BUS-SKEW-PB" Name="JK2_bus_skew_routed.pb"/>
  <File Type="ROUTE-BUS-SKEW-RPX" Name="JK2_bus_skew_routed.rpx"/>
  <File Type="POSTROUTE-PHYSOPT-DCP" Name="JK2_postroute_physopt.dcp"/>
  <File Type="POSTROUTE-PHYSOPT-BLACKBOX-DCP" Name="JK2_postroute_physopt_bb.dcp"/>
  <File Type="POSTROUTE-PHYSOPT-TIMING" Name="JK2_timing_summary_postroute_physopted.rpt"/>
  <File Type="POSTROUTE-PHYSOPT-TIMING-PB" Name="JK2_timing_summary_postroute_physopted.pb"/>
  <File Type="POSTROUTE-PHYSOPT-TIMING-RPX" Name="JK2_timing_summary_postroute_physopted.rpx"/>
  <File Type="POSTROUTE-PHYSOPT-BUS-SKEW" Name="JK2_bus_skew_postroute_physopted.rpt"/>
  <File Type="BG-BIT" Name="JK2.bit"/>
  <File Type="POSTROUTE-PHYSOPT-BUS-SKEW-PB" Name="JK2_bus_skew_postroute_physopted.pb"/>
  <File Type="POSTROUTE-PHYSOPT-BUS-SKEW-RPX" Name="JK2_bus_skew_postroute_physopted.rpx"/>
  <File Type="BITSTR-NKY" Name="JK2.nky"/>
  <File Type="BITSTR-BMM" Name="JK2_bd.bmm"/>
  <File Type="PDI-FILE" Name="JK2.pdi"/>
  <File Type="BOOT-PDI-FILE" Name="JK2_boot.pdi"/>
  <File Type="PL-PDI-FILE" Name="JK2_pld.pdi"/>
  <File Type="RCFI_FILE" Name="JK2.rcfi"/>
  <File Type="CFI_FILE" Name="JK2.cfi"/>
  <File Type="RNPI_FILE" Name="JK2.rnpi"/>
  <File Type="NPI_FILE" Name="JK2.npi"/>
  <File Type="RBD_FILE" Name="JK2.rbd"/>
  <File Type="BITSTR-LTX" Name="debug_nets.ltx"/>
  <File Type="BITSTR-LTX" Name="JK2.ltx"/>
  <File Type="BITSTR-SYSDEF" Name="JK2.sysdef"/>
  <File Type="BG-BGN" Name="JK2.bgn"/>
  <File Type="BG-DRC" Name="JK2.drc"/>
  <File Type="RDI-RDI" Name="JK2.vdi"/>
  <File Type="WBT-USG" Name="usage_statistics_webtalk.html"/>
  <File Type="ROUTE-RQS" Name="JK2_routed.rqs"/>
  <File Type="POSTROUTE-PHYSOPT-RQS" Name="JK2_postroute_physopted.rqs"/>
  <File Type="ROUTE-RQS-RPT" Name="route_report_qor_suggestions_0.rpt"/>
  <File Type="POSTROUTE-PHYSOPT-RQS-RPT" Name="postroute_physopt_report_qor_suggestions_0.rpt"/>
  <FileSet Name="sources" Type="DesignSrcs" RelSrcDir="$PSRCDIR/sources_1" RelGenDir="$PGENDIR/sources_1">
    <Filter Type="Srcs"/>
    <File Path="$PSRCDIR/sources_1/new/JK.v">
      <FileInfo>
        <Attr Name="UsedIn" Val="synthesis"/>
        <Attr Name="UsedIn" Val="implementation"/>
        <Attr Name="UsedIn" Val="simulation"/>
      </FileInfo>
    </File>
    <File Path="$PSRCDIR/sources_1/new/JK2.v">
      <FileInfo>
        <Attr Name="UsedIn" Val="synthesis"/>
        <Attr Name="UsedIn" Val="implementation"/>
        <Attr Name="UsedIn" Val="simulation"/>
      </FileInfo>
    </File>
    <Config>
      <Option Name="DesignMode" Val="RTL"/>
      <Option Name="TopModule" Val="JK2"/>
    </Config>
  </FileSet>
  <FileSet Name="constrs_in" Type="Constrs" RelSrcDir="$PSRCDIR/constrs_1" RelGenDir="$PGENDIR/constrs_1">
    <Filter Type="Constrs"/>
    <File Path="$PSRCDIR/constrs_1/new/JK.xdc">
      <FileInfo>
        <Attr Name="UsedIn" Val="synthesis"/>
        <Attr Name="UsedIn" Val="implementation"/>
      </FileInfo>
    </File>
    <Config>
      <Option Name="TargetConstrsFile" Val="$PSRCDIR/constrs_1/new/JK.xdc"/>
      <Option Name="ConstrsType" Val="XDC"/>
    </Config>
  </FileSet>
  <FileSet Name="utils" Type="Utils" RelSrcDir="$PSRCDIR/utils_1" RelGenDir="$PGENDIR/utils_1">
    <Filter Type="Utils"/>
    <File Path="$PSRCDIR/utils_1/imports/synth_1/JK2.dcp">
      <FileInfo>
        <Attr Name="UsedIn" Val="synthesis"/>
        <Attr Name="UsedIn" Val="implementation"/>
        <Attr Name="UsedInSteps" Val="synth_1"/>
        <Attr Name="AutoDcp" Val="1"/>
      </FileInfo>
    </File>
    <Config>
      <Option Name="TopAutoSet" Val="TRUE"/>
    </Config>
  </FileSet>
  <Strategy Version="1" Minor="2">
    <StratHandle Name="Vivado Implementation Defaults" Flow="Vivado Implementation 2023"/>
    <Step Id="init_design"/>
    <Step Id="opt_design"/>
    <Step Id="power_opt_design"/>
    <Step Id="place_design"/>
    <Step Id="post_place_power_opt_design"/>
    <Step Id="phys_opt_design"/>
    <Step Id="route_design"/>
    <Step Id="post_route_phys_opt_design"/>
    <Step Id="write_bitstream"/>
  </Strategy>
</GenRun>
