<?xml version="1.0" encoding="UTF-8"?>
<GenRun Id="impl_1" LaunchPart="xc7a100tfgg484-2L" LaunchTime="1701530759">
  <File Type="ROUTE-PWR" Name="mux4_power_routed.rpt"/>
  <File Type="PA-TCL" Name="mux4.tcl"/>
  <File Type="ROUTE-PWR-SUM" Name="mux4_power_summary_routed.pb"/>
  <File Type="REPORTS-TCL" Name="mux4_reports.tcl"/>
  <File Type="OPT-RQA-PB" Name="mux4_rqa_opted.pb"/>
  <File Type="BITSTR-MMI" Name="mux4.mmi"/>
  <File Type="OPT-METHODOLOGY-DRC" Name="mux4_methodology_drc_opted.rpt"/>
  <File Type="INIT-TIMING" Name="mux4_timing_summary_init.rpt"/>
  <File Type="OPT-TIMING" Name="mux4_timing_summary_opted.rpt"/>
  <File Type="OPT-DCP" Name="mux4_opt.dcp"/>
  <File Type="OPT-DRC" Name="mux4_drc_opted.rpt"/>
  <File Type="OPT-HWDEF" Name="mux4.hwdef"/>
  <File Type="PWROPT-DCP" Name="mux4_pwropt.dcp"/>
  <File Type="PWROPT-DRC" Name="mux4_drc_pwropted.rpt"/>
  <File Type="PWROPT-TIMING" Name="mux4_timing_summary_pwropted.rpt"/>
  <File Type="PLACE-DCP" Name="mux4_placed.dcp"/>
  <File Type="PLACE-IO" Name="mux4_io_placed.rpt"/>
  <File Type="PLACE-CLK" Name="mux4_clock_utilization_placed.rpt"/>
  <File Type="PLACE-UTIL" Name="mux4_utilization_placed.rpt"/>
  <File Type="PLACE-UTIL-PB" Name="mux4_utilization_placed.pb"/>
  <File Type="PLACE-CTRL" Name="mux4_control_sets_placed.rpt"/>
  <File Type="PLACE-SIMILARITY" Name="mux4_incremental_reuse_placed.rpt"/>
  <File Type="PLACE-PRE-SIMILARITY" Name="mux4_incremental_reuse_pre_placed.rpt"/>
  <File Type="BG-BIN" Name="mux4.bin"/>
  <File Type="PLACE-TIMING" Name="mux4_timing_summary_placed.rpt"/>
  <File Type="ROUTE-PWR-RPX" Name="mux4_power_routed.rpx"/>
  <File Type="PLACE-RQA-PB" Name="mux4_rqa_placed.pb"/>
  <File Type="POSTPLACE-PWROPT-DCP" Name="mux4_postplace_pwropt.dcp"/>
  <File Type="BITSTR-MSK" Name="mux4.msk"/>
  <File Type="POSTPLACE-PWROPT-TIMING" Name="mux4_timing_summary_postplace_pwropted.rpt"/>
  <File Type="PHYSOPT-DCP" Name="mux4_physopt.dcp"/>
  <File Type="PHYSOPT-DRC" Name="mux4_drc_physopted.rpt"/>
  <File Type="BITSTR-RBT" Name="mux4.rbt"/>
  <File Type="PHYSOPT-TIMING" Name="mux4_timing_summary_physopted.rpt"/>
  <File Type="ROUTE-ERROR-DCP" Name="mux4_routed_error.dcp"/>
  <File Type="ROUTE-DCP" Name="mux4_routed.dcp"/>
  <File Type="ROUTE-BLACKBOX-DCP" Name="mux4_routed_bb.dcp"/>
  <File Type="ROUTE-DRC" Name="mux4_drc_routed.rpt"/>
  <File Type="ROUTE-DRC-PB" Name="mux4_drc_routed.pb"/>
  <File Type="ROUTE-DRC-RPX" Name="mux4_drc_routed.rpx"/>
  <File Type="ROUTE-METHODOLOGY-DRC" Name="mux4_methodology_drc_routed.rpt"/>
  <File Type="ROUTE-METHODOLOGY-DRC-RPX" Name="mux4_methodology_drc_routed.rpx"/>
  <File Type="ROUTE-METHODOLOGY-DRC-PB" Name="mux4_methodology_drc_routed.pb"/>
  <File Type="ROUTE-RQS-PB" Name="mux4_rqs_routed.pb"/>
  <File Type="ROUTE-STATUS" Name="mux4_route_status.rpt"/>
  <File Type="ROUTE-STATUS-PB" Name="mux4_route_status.pb"/>
  <File Type="ROUTE-TIMINGSUMMARY" Name="mux4_timing_summary_routed.rpt"/>
  <File Type="ROUTE-TIMING-PB" Name="mux4_timing_summary_routed.pb"/>
  <File Type="ROUTE-TIMING-RPX" Name="mux4_timing_summary_routed.rpx"/>
  <File Type="ROUTE-SIMILARITY" Name="mux4_incremental_reuse_routed.rpt"/>
  <File Type="ROUTE-CLK" Name="mux4_clock_utilization_routed.rpt"/>
  <File Type="ROUTE-BUS-SKEW" Name="mux4_bus_skew_routed.rpt"/>
  <File Type="ROUTE-BUS-SKEW-PB" Name="mux4_bus_skew_routed.pb"/>
  <File Type="ROUTE-BUS-SKEW-RPX" Name="mux4_bus_skew_routed.rpx"/>
  <File Type="POSTROUTE-PHYSOPT-DCP" Name="mux4_postroute_physopt.dcp"/>
  <File Type="POSTROUTE-PHYSOPT-BLACKBOX-DCP" Name="mux4_postroute_physopt_bb.dcp"/>
  <File Type="POSTROUTE-PHYSOPT-TIMING" Name="mux4_timing_summary_postroute_physopted.rpt"/>
  <File Type="POSTROUTE-PHYSOPT-TIMING-PB" Name="mux4_timing_summary_postroute_physopted.pb"/>
  <File Type="POSTROUTE-PHYSOPT-TIMING-RPX" Name="mux4_timing_summary_postroute_physopted.rpx"/>
  <File Type="POSTROUTE-PHYSOPT-BUS-SKEW" Name="mux4_bus_skew_postroute_physopted.rpt"/>
  <File Type="BG-BIT" Name="mux4.bit"/>
  <File Type="POSTROUTE-PHYSOPT-BUS-SKEW-PB" Name="mux4_bus_skew_postroute_physopted.pb"/>
  <File Type="POSTROUTE-PHYSOPT-BUS-SKEW-RPX" Name="mux4_bus_skew_postroute_physopted.rpx"/>
  <File Type="BITSTR-NKY" Name="mux4.nky"/>
  <File Type="BITSTR-BMM" Name="mux4_bd.bmm"/>
  <File Type="PDI-FILE" Name="mux4.pdi"/>
  <File Type="BOOT-PDI-FILE" Name="mux4_boot.pdi"/>
  <File Type="PL-PDI-FILE" Name="mux4_pld.pdi"/>
  <File Type="RCFI_FILE" Name="mux4.rcfi"/>
  <File Type="CFI_FILE" Name="mux4.cfi"/>
  <File Type="RNPI_FILE" Name="mux4.rnpi"/>
  <File Type="NPI_FILE" Name="mux4.npi"/>
  <File Type="RBD_FILE" Name="mux4.rbd"/>
  <File Type="BITSTR-LTX" Name="debug_nets.ltx"/>
  <File Type="BITSTR-LTX" Name="mux4.ltx"/>
  <File Type="BITSTR-SYSDEF" Name="mux4.sysdef"/>
  <File Type="BG-BGN" Name="mux4.bgn"/>
  <File Type="BG-DRC" Name="mux4.drc"/>
  <File Type="RDI-RDI" Name="mux4.vdi"/>
  <File Type="WBT-USG" Name="usage_statistics_webtalk.html"/>
  <File Type="ROUTE-RQS" Name="mux4_routed.rqs"/>
  <File Type="POSTROUTE-PHYSOPT-RQS" Name="mux4_postroute_physopted.rqs"/>
  <File Type="ROUTE-RQS-RPT" Name="route_report_qor_suggestions_0.rpt"/>
  <File Type="POSTROUTE-PHYSOPT-RQS-RPT" Name="postroute_physopt_report_qor_suggestions_0.rpt"/>
  <FileSet Name="sources" Type="DesignSrcs" RelSrcDir="$PSRCDIR/sources_1" RelGenDir="$PGENDIR/sources_1">
    <Filter Type="Srcs"/>
    <File Path="$PSRCDIR/sources_1/new/mux4.v">
      <FileInfo>
        <Attr Name="UsedIn" Val="synthesis"/>
        <Attr Name="UsedIn" Val="implementation"/>
        <Attr Name="UsedIn" Val="simulation"/>
      </FileInfo>
    </File>
    <Config>
      <Option Name="DesignMode" Val="RTL"/>
      <Option Name="TopModule" Val="mux4"/>
      <Option Name="TopAutoSet" Val="TRUE"/>
    </Config>
  </FileSet>
  <FileSet Name="constrs_in" Type="Constrs" RelSrcDir="$PSRCDIR/constrs_1" RelGenDir="$PGENDIR/constrs_1">
    <Filter Type="Constrs"/>
    <File Path="$PSRCDIR/constrs_1/new/MUX4.xdc">
      <FileInfo>
        <Attr Name="UsedIn" Val="synthesis"/>
        <Attr Name="UsedIn" Val="implementation"/>
      </FileInfo>
    </File>
    <Config>
      <Option Name="TargetConstrsFile" Val="$PSRCDIR/constrs_1/new/MUX4.xdc"/>
      <Option Name="ConstrsType" Val="XDC"/>
    </Config>
  </FileSet>
  <FileSet Name="utils" Type="Utils" RelSrcDir="$PSRCDIR/utils_1" RelGenDir="$PGENDIR/utils_1">
    <Filter Type="Utils"/>
    <File Path="$PSRCDIR/utils_1/imports/synth_1/mux4.dcp">
      <FileInfo>
        <Attr Name="UsedIn" Val="synthesis"/>
        <Attr Name="UsedIn" Val="implementation"/>
        <Attr Name="UsedInSteps" Val="synth_1"/>
        <Attr Name="AutoDcp" Val="1"/>
      </FileInfo>
    </File>
    <Config>
      <Option Name="TopAutoSet" Val="TRUE"/>
    </Config>
  </FileSet>
  <Strategy Version="1" Minor="2">
    <StratHandle Name="Vivado Implementation Defaults" Flow="Vivado Implementation 2023">
      <Desc>Default settings for Implementation.</Desc>
    </StratHandle>
    <Step Id="init_design"/>
    <Step Id="opt_design"/>
    <Step Id="power_opt_design"/>
    <Step Id="place_design"/>
    <Step Id="post_place_power_opt_design"/>
    <Step Id="phys_opt_design"/>
    <Step Id="route_design"/>
    <Step Id="post_route_phys_opt_design"/>
    <Step Id="write_bitstream"/>
  </Strategy>
</GenRun>
